post,comment
"$BSSR rups ditunda
Oke pas dividen $PTBA dan $ADRO cair yaaak",insting saya sepertinya pemilik emiten mau bermain api
"Tahun ini kali pertama mengikuti RUPS emiten di porto, tinggal 1 lagi $BSSR yang belum, rencana sih mau skip dulu.

Yang saya temukan dari ikut RUPS ternyata ""feel"" terhadap emiten yang kita pegang jadi menggebu-gebu bahasa alaynya. Cobalah bagi yang belum pernah merasakannya, anggap saja souvenir adalah bonusnya.

Bagi orang yg bilang ""RUPS hanya berburu goodie bag saja"" . Cobalah kalian sesekali ikutan bagaimana harus bertahan berdiri minimal 1.5 jam saat registrasi belum antri pas mau ambil goodie bag nya juga ngantri lagi.

Contoh saya dari Bogor naik KRL berangkat pukul 05.15 berdiri sampai Stasiun Tebet nyambung naik bus berdiri lagi sampai di tempat nya pas pukul 07.00 , registrasi berdiri lagi dan saat makan pun harus berdiri wkwkwk

Apakah saya menyesal? oh tentu tidak saya jadi tahu ""vibes"" nya RUPS, terutama tadi ADRO yg benar-benar ketat gak boleh ambil foto (saya dapat kupon no93) tapi pas sudah penuh saya lihat udah ada yg bisa foto2. Tapi sesuai dengan pelayanan nya dapet coffee break dapat makan siang juga. Ehemmm beda sih sama BUMN
Intinya, beli emiten yg rajin RUPS dengan souvenir menarik, selain dapet dividen , capital gain juga dapet kenang-kenangan kalo kena DIVIDEN TRAP, candaa

tag
$PTBA $ADRO $ASII
$BBRI",ktp temanggung ya bro? sy ada kebun di daerah kandangan
"$ADRO bakal sampe diharga berapa ni bang naiknya ,
Mending TP apa nunggun deviden ya bagusnya",kemarin gw udah TP
ini insting saya bandar nanti setelah cum date paling banter berani jual ADRO 2610 itu harus di SERBU YA terserah investors aja kalau 2830 mau beli tapi dapat deviden juga aman 2 aja ğŸ‘ğŸ’¯âœŒï¸ğŸ™, siap...pengen sih di 2400 gitu belinya
"holder $ANTM baru naik seuprit dah pada ngimpi ke 2000 ngoahaha

udah kyk prediksi analis yg ngasal acha ... $INCO ke 3050
ANTM ke 1980 ? ngoahahaha
tp msh mending sih dr pd si parjo yg nebar halu $OKAS ke 3000
segnap pasukan Panda di belantara hutan China sana pun berguling2 tertawa terpingkal2 mendengarnya
ngoahahaha ngoahahaha
skrg mah porto gw terbesar ada di $ADRO , the future company
#gw jg holder ANTM tp emg niat buat nabung dividen

disclaimer
bkn ajax2 sell or buy
dyor", $OKAS ke 3000 ? Ngoahahaha
"$BBRI $BBNI $BBCA $BNGA $BMRI
para ritel kasihani uang kalian jangan terus hajar ndar itu punya uang ngak terbatas sedangkan k ef mampuan kita terbatas mending cari peluang ditempat lain hr ini saya isrng iseng pasang bbva 9200 eh dapat sekarang 9450 kan cuan ntar ssmpai 9600 saya lepas ntar tunggu lagi 9250-9300 knp mesti hajar terus bbri dan bbni ngak ada untungnya krn masih bisa turun lagi mending cari peluang di batu bara atau yg lainnya cuan yg terpenting ğŸ˜‚ğŸ˜",ya itu bagimu aja kalau bagi investor yang bener bener invest pasti santai aja dan ngeliat aja kalau ini udh saatnya buy dan btw harga bandar semua rata rata di 5000 an 
"$EXCL
Rumor : EXCL Akan TO di Rp3K. Announcement as early as today close.
Let's see","$EXCL gk dalam bet dividen trapnya, masih bisa melambung sudah ex date"
$EXCL bsk ada dividen trap ya?,Trap apaan. Dev cuma 2%. Paling kalau trap 2%. 2 minggu juga balik
MA 50 melewati MA 200 apakah bakalan naik? kira kira kalau naik sampai berapa ya? ğŸ˜´ğŸ§,"udh golden cross bang, pilihannya naik banget apa naik dikit doakan semoga melesat 6000 kalau q2,q3,q4 net profit konsisten 2 T lebih"
"$PGAS tikusnya kan udh ketangkep tuh, tanamannya harusnya bisa berbuah banyak. gaaaaaaasssss broooohhh ğŸ’ƒğŸ’ƒğŸ’ƒ", otw 2000 ğŸ˜
"Semen, semen apa yang bisa turun tapi ga bisa naik?", ini kenapa ya bisa sampe ngedrop gini harganya ?
$SMGR $INTP mana sekuritas yg ngemeng semen semenan â€œthe worst is overâ€ ğŸ¤£ğŸ¤£ğŸ¤£,) yg ngomong itu kagak beli ğŸ¤£ğŸ¤£ kalau analis itu yakin tolong tunjukan porto nya berapa lot dia beli ğŸ¤£ğŸ¤£ğŸ¤£ğŸ¤£ğŸ¤£
"aduh ga dikasih $ACES 835 nya, yang dikasih yang 845, besok pantau lagi ndar ğŸ™","ndar $ACES izin antri 825 yah, makasih ğŸ™"
AndaiÂ $BBCAÂ $BBRIÂ $BMRIÂ $ADROÂ kalo harga bisa sepertiÂ $DSSAÂ udah banyak yg kaya mendadakğŸ˜‚,iya last 2021 sekitaran segitu $BBCA ğŸ˜‚
5800 lagi dong ğŸ¤‘ ğŸ¤‘ ğŸ¤‘$BMRI,BK top buyer lagi
$BBRI ini kira2 naik lagi gak ya?, naik ke puncak gunung
"$BBRI fearnya kencengin, mau serok bawahğŸ—¿",kemaren2 dikasih bawah kaga diserok bang
$BBRI next akan ke mana arah bbri kedepan,hari ini koreksi sehat tutup gap
$BBRI Absen dulu yang nyangkut di 5000 dan 6000,hadirrr
"$BBRI suku bunga gk jd naik, terbang ini saham
$BBNI
$BMRI", terbang ke bawah kek nya
"$BBRI apa masih meragukan Teknikal Analisis? ğŸ˜
belajar TA supaya tau kapan masuk kapan keluar. jangan cuma buy buy buyğŸ˜¹",klau ke 3600 enak bgt tuh ane mau all in
$BBRI turunin dong ndar,dikasi turun gak mau masuk kwkw
$BBRI akhirnya ngerasain ijo., berani sekali ambil diharga tinggi
$BBRI besok jumat yagesya,"Makin asik dong, udah liat belum jumat minggu lalu ?"
$BBRI berbahagialah kalian yg serbrut di 4100 an,"Saya di 4,600 aja girang omâ€¦ apalagi yg di 4,100 ğŸ‘ğŸ»ğŸ‘ğŸ»ğŸ‘ğŸ»ğŸ‘ğŸ»ğŸ‰ğŸ‰ğŸ‰ğŸ‰"
"$BBRI mau nambah bbri lagi, saran dong enak ngebit di harga berapa ya ?", tunggu di 4500 an
$BBRI masih loss,wehhh puncak gunung arjuna bang...semangat
$BBRI $CUAN $BRIS $PANI $ADRO,kesabaran tingkat tinggi ğŸ¤£
"$BBRI sepertinya koreksi sedikit, untuk invest jangka panjang saatnya tambah muatan. disc on.", yup...setujuğŸ‘
"$BBRI mayanlah, dari minus 20 jt tinggal 5 jt ğŸ—¿",Sama bang wkwkw. Santai aja mah karna yakin sama BRI
"$BBRI menurut aku, lebih baik hold, dari pada jual beli jual beli karena dengan cara itu justru bikin rugi di banding di hold ğŸ˜”","Rugi waktu, rugi tenaga, rugi kena fee."
$BBRI gagal tembus 4930 harusnya turun dulu ga sih?, @Strader ke 4700an dulu
$BBRI rungkad, CL aja omm
 kiraÂ² desember-januari bisa kembali ke 6400 ga ya,mana bisa bro wkwkwk 
"swing di $MKAP kena arb, swing di $BRPT malah kekenyangan $CUAN ğŸ‘º",swing di $KJEN ara
$BRPT ask 1juta,Bandar suka kejar yg tebal
$BRPTÂ kena kasus?, kalo kena kasus wajib d buang da
$BRPT pegangan semuanya to the moon ini,to the basement
$BRPT kerjaan mamang guyur ama CC ini ğŸ˜‚ğŸ˜‚,Â BRPT bukaÃ±ny yg doyang guyur si BK
$BRPT bisa ara ?,gabisa lah wkwk
$BRPT ini saham apaan sih?,1)Â Saham sampah
$MAPI nyangkut ngarepin deviden lumayan lah ya,nyangkut di berapa
"$MAPI INI MASIH ADA PROSPEK NAIK NGGA PAK?
saya masuk barusan 1420",aman aman aja malah proyeksi ekonomi kedepan ritel malah bagus karena suku bunga gjtu gitu aja
$MBMA siapa pengendali sebenar nya?,akuuu
$MTEL apa udh masuk dividen nya ?,udah bang
$MTEL tembusin sni,1) moga sesi 2 ngebut lagi
"Original Post
Selamat yg kmaren serok $TOWR di harga 675, ketakutan minus dalem pasca exdate tdk terbukti.

Mulai rebound

random tag : $MTEL $TBIG $GHON $TLKM",kirain ex date bisa ke 700...eh malah terbang LOL
"$MTEL ternyata analisa saya bener terus cuman saya aja yg kurang sabar, contoh MTEL ini ga lama di jual langsung terbang babi babi","Berarti analisanya salah breğŸ¤£, harusnya terbang dulu baru dijual kalo analnya lisa pas."
"$PTBA kenapa ga jadu turunin, berhari2 nungguin di bawah oy", bentar lagi musim dingin bosku
"$PTBA Bersiap untuk PTBA ya teman2. Dah....itu aja.


Salam Dahsyat Cuan Berlimpah Ruah ğŸ«°ğŸ¤‘ğŸ˜",Siap kemana pak?
jgn naik dulu lah pls..pdhl masih pingin nyerok byk..$PTBA, Kemarin2 kmn aja
$AMRT mudahan turun 1.700,minimal nunggu 3 tahun lagi.
$ARTO knapa merah sendiri ğŸ˜­,Arto memang lain dari pada yang lainğŸ¤£
"Ayok tebak - tebakan, abis makan siang saham ini $ARTO akan terbang atau makin nyungsep?

Kalau analisa saya, bakal nyebur ke air keruh ya. Kalau menurut kalian gimana?",Turun ke kaki gunung kembar.
" $ARTO support 2040
resist 2160-2170
close diatas 2170 hold
target 2250-2270",kmn aja dr 1000 ke 19 rb g masuk?
"Pihak yang menganggap ihsg underweight
Adalah pihak yang sama dengan pihak yang meramal $ARTO akan ke 21.000

Jadi tahu kan apa yang akan kita lakukan",saat nya masuk
"kalau $GOTO punya gopay & bank jago $ARTO, maka GRAB punya OVO & superbank dari grup $EMTK $IHSG"," superbank masih mentah, gk dpt kartu debit, gk bisa qris, tidak selengkap bank jago"
"$ARTO gue personally sangat optimis Bank Jago akan menjadi bank pilihan, khususnya untuk generasi muda yang melek teknologi. Fiturnya bagus! Bank Jago membantu gue nabung jutaan rupiah yang mana gue ga pernah berhasil 4 tahun belakang. Shout out to $ARTO Gue akan invest!",Kerja di bank BUMN tp pake dan simpan uang di bank jago wkwk
$ESSA enaknya masuk di berapa?,"Masih kemahalan segini, 500 pun sebetulnya msh mahal, RPS dan PBV ada di 350an"
"$ESSA akhirnya semua lot udah di jual abis 850 , perjalanan nya panjang , di 2023 udah sempat -40 persen waktu kena ARB 6x , lalu di AVG down pelan pelan sambil nunggu naik , akhir nya di April 2024 - Juni 2024 baru mulai TP , kalo abis ini masih naik ya gpp emang rejeki nya di 850 saja , nunggu koreksi nanti masuk lagi deh , terima kasih buat Yang Maha Esa dan $ESSA . ğŸ˜ ğŸ˜†"," $ESSA Nah ini contoh baik, TP di 850, bukan malah di HAKA ğŸ¤£ğŸ¤£"
"SWING TRADING

$ESSA
Entry 750 - 800
CL 715
TP 900, 950",Essa sepertinya saat ini sudah membentuk double bottom ya om? Apakah dalam waktu beberapa hari kedepan bisa 900?
$GGRM harga sudah murah cepet beli ada pembagian deviden,"lapak ""drama"" kaya gini yg bikin film itu jadi seru ğŸ¤£"
$GGRM prospeknya gimana kira2 Pak??,long tren bearish
$UNVR  ALL TIME LOW SINCE 2009,saya juga nyangkut di avg 27rb an
$BMRI $BBNI Apakah bandar asing udah mulai masuk big bank lagi? Apakah ini udah uptrend dari perbankan big 4?," belum tentu, brkl cm.trik bandar...dinaikin, besok dibanting lg lbh dlm hahaha"
$ACES dan $DSNG siap2 nih, siapa kita ??!!! ğŸ‡®ğŸ‡©ğŸ‡®ğŸ‡©ğŸ‡®ğŸ‡© 
$ACES Terlihat aces closingnya kurang bagus & kenaikan tanpa volume.... diakhiri jarum suntik yang cukup panjang... kemungkinan besok akan koreksi.,hooh aja
"Kuat bener bandarnyağŸ‘€

$ACES $TLKM",lg jaga harga ğŸ˜…
$ACES keras temboknya... tapi nanti sesi 2 jebol ğŸ˜…ğŸš€ğŸš€ğŸš€,tolong bantu jebolin
$ACES mau naik ini jangan di tembok terus, bocoran dari 400 naik ke 800 dari kk Jonathan. bener kan kk @aizkharisma
"$ACES div Rp. 33,5 / lbr, DPR 74,4 % . ğŸ‘ ğŸ™", 33.5 tuh sama aja 33.500 atau 3350 ya?
"$PTBA cair, $MPMX exdate, $ACES pengumumanğŸ¤£ğŸ¤£ next $PWON dan $SMDRğŸ˜", mau tanya klok bru beli sekarang bisa dpt dividen gk nantinya ya
$ACES wah... jumat penuh berkah kali ini... bakalan lompat kodok nih Aces ğŸ˜ŒğŸ”¥ğŸ’ª,ga jdi lompat kodok malah minus ğŸ˜ª
"ğŸ’° ACES: Dividen Rp33,5/Saham, Indikasi Yield 4%

Ace Hardware Indonesia ($ACES) akan membagikan dividen tahun buku 2023 sebesar Rp572,9 M atau Rp33,5/saham, setara 75% dividend payout ratio. Cum date di pasar reguler dan negosiasi pada 19 Juni 2024, sementara tanggal pembayaran belum diumumkan. Mengacu harga saham ACES pada perdagangan intraday sesi I hari ini, Jumat (7/6), di level Rp835/lembar, maka indikasi dividend yield adalah 4%.","$PTBA cair, $MPMX exdate, $ACES pengumumanğŸ¤£ğŸ¤£ next $PWON dan $SMDRğŸ˜"
$ACES BOB 865,kpn bgi Dividen y
"$ACES
19 Juni Cum Date DIVIDEN 4% .. Ayoo Boroongg Sebelum harga Naiiikkk Tinggiiâ€¦", Rungkat uda 18%
"DIVIDEN HUNTER

$ACES
Cumdate: 19 Juni 2024 > Rp33.5/lembar
$IPCC
Cumdate: 19 Juni 2024 > Rp62.39/lembar
$KBLM
Cumdate: 20 Juni 2024 > Rp8/lembar
$JTPE
Cumdate: 21 Juni 2024 > Rp6/lembar
$ZYRX
Cumdate: 21 Juni 2024 > Rp3.7/lembar",jelas milih $IPCC
"ACES menuju target
Target 995

$ACES",masa sih? ğŸ™ƒ
$ACES hold menuju 950,iya 2 tahun lagi ğŸ˜…
 $ACES ini jual saham treasury kah?, jual ke siapa?
$ACES woe gk bsa jual anjg udh pasang sl eror gmn si,"ada gap gan, makanya ga kena"
"$BBRI $BBNI $BMRI ketiganya membentuk higher low, dimarkup bwt diturunin lbh dalam lg, mending ketiganya nunggu dibawah 4000 aja",Oh iya kah xixixixi
$BMRI $BBNI $BBRI closing nanti iep nya jngan kempes yak,msh harap cemass
"$BMRI iep banting yg dlm, udah antri dibawah buat nambah muatan", nyinyinyinyi
"Kepala Otoritas IKN mengundurkan diri.... tentu ini tanda tanya besar... Apakah ini signal suram nya IKN???? yang pasti lupakan persahaman dulu,, jaga mental kalian gaes.. .. $BBRI $BMRI $BBCA $IHSG .. kalian jangan fomo kalau saham naik. semua hanya sesaat .. uda waktunya berdoa buat Indonesia... semiga PDIP oposisi,, dan bongkar semua korupsi di IKN dan dimana2.. gas indonesia perang politik guna menghancurkan otoritarian.. menghancurkan pemerintahaan yang semena2",Link berita dong
"$BMRI

sesuai namanya. MANDIRI !
menolak untuk diturunkan asing

haloooo bule ini bank orang indonesia ya ! 6000 adalah garis kita ! MERDEKA

ps : bukan ajakan buat ngecek harga group merdeka tambang ya, yang belum release laporan Q1 btw, dan sudah bikin orang deg2an gak keruan, merdekaaaaa cepetannnn release jangan malessss", siapa kita ??!!! ğŸ‡®ğŸ‡©ğŸ‡®ğŸ‡©ğŸ‡®ğŸ‡© 
"Bulan depan, target mau beli saham $BBCA, $BMRI, dan $BBRI. Kira-kira gimana ya?

Ada yang mau kasih saran soal saham-saham yang aku pilih?
Ada insight ga ya?

Kalau insight dari saya sih, ini

BBCA
Kinerja Kuat Q1 2024: Laba bersih tumbuh 14,3% YoY menjadi Rp 9,88 triliun, didorong oleh pertumbuhan bisnis kredit dan fee.
Ekspansi Bisnis Digital: BCA terus mengembangkan layanan digitalnya, seperti BCA Mobile dan Solitaire, untuk meningkatkan penetrasi pasar dan pendapatan non-bunga.
Target Pertumbuhan Kredit Ambisius: BCA menargetkan pertumbuhan kredit 11%-12% di tahun 2024, didukung oleh prospek ekonomi Indonesia yang positif.

BMRI
Laba Bersih Tumbuh Kokoh: Laba bersih Q1 2024 Bank Mandiri naik 11,2% YoY menjadi Rp 4,6 triliun, ditopang oleh pertumbuhan kredit dan CASA (Current Accounts, Savings Accounts).
Fokus pada Kredit UMKM: Bank Mandiri fokus pada penyaluran kredit ke sektor UMKM yang memiliki potensi pertumbuhan tinggi.
Digitalisasi yang Agresif: Bank Mandiri terus mempercepat digitalisasi untuk meningkatkan efisiensi dan layanan nasabah.

BBRI
Raksasa Kredit UMKM: BBRI merupakan bank dengan penyaluran kredit UMKM terbesar di Indonesia, dengan portofolio kredit UMKM mencapai Rp 485 triliun per Maret 2024.
Laba Bersih Stabil: Laba bersih BBRI di Q1 2024 relatif stabil dibandingkan periode sebelumnya, di level Rp 8,1 triliun.
Peluang Pertumbuhan dari KUR: BBRI memiliki peluang besar untuk meningkatkan laba dari penyaluran Kredit Usaha Rakyat (KUR).",BMRI tumbuh 11% darimana lae?
" nanti pas sudah cut rate canada +europe..
pada fomo deh beli $BBRI $BMRI $BBNI", habis CL terbitlah Terbang wkwk
"Sell in May sudah berakhir, saya rasa kurang cocok ya analogi Sell in May saat pasar ambruk, apabila mata kita sudah terbuka, seharusnya kejadian bulan May adalah Buy besar2an, istilahnya SEROK, jadi ""sell in may"" ini apakah keputusan yg bijak? saya rasa ngga ya, simple aja masa iya sell saat ambruk dan buy saat hijau? Lebih baik ""Ready Cash in May"" hahaha ğŸ¤£ğŸ¤£",Sell waktu ATH lah
"ğŸ¦ Bank Mandiri Beri Pinjaman Rp 2 Triliun

Emiten telekomunikasi milik orang terkaya Indonesia, PT Sarana Menara Nusantara Tbk (TOWR) mengumumkan, melalui entitas usahanya mendapat fasilitas kredit dari Bank Mandiri senilai Rp 2 Triliun.", BmRI to the moon
"$BBTN 1210
$BBCA 9125
$BMRI... Hecmm lagi cari wangsit dlu",halo dukun
"$BBRI mmg kualitas nya seperti ini ya, harga $BBNI 2x harga bri, dan harga $BMRI 3x harga bri", kualitas dilihat dari laba bro bukan market cap wkwkwkwkww
$BMRI Secara teknikal ada potensi hidden bearish divergence pada chart daily.,pala bapak kau bearish
"$BBRI $BMRI $BBCA $PTBA $BREN
Kalin pernah denger ga sih tentang judi slot yang lagi hype 2-3 tahun belakangan ?
Jujur ini udah menjadi keresahan gua juga, sebagai investor dan trader di pasar modal. Mirisnya di 3 bulan pertama 2024 perputaran uang judi online sudah mencapai Rp 100 triliun dan uang tersebut mengalir keluar negeri tanpa ada keuntungan untuk indonesia.

Secara definisi
Judi adalah adalah permainan dimana pemain bertaruh untuk memilih satu pilihan diantara beberapa pilihan di mana hanya satu pilihan saja yang benar dan pemenang memperoleh keuntungan dari yang kalah.

Trading adalah bentuk investasi keuangan yang bersifat aktif, dimana pemodal turut melakukan transaksi jual dan beli didalam pasar. Selain itu trading/ investasi saham memperjual belikan kepemilikan saham suatu perusahaan yang jelas.

Faktanya judi online ini sudah diatur oleh bandarnya karena peluang keberhasilan judi online (slot) yaitu 1: 5rb-34jt. Dengan peluang sekecil ini logika mana pun tidak mungkin bisa profit konsisten apalagi menjadi usaha sampingan.

Bayangkan jika uang tersebut diinvestasikan pada saham blucehip seperti BBCA, BBRI, BMRI, PTBA atau ITMG. Maka bisa mendorong nilai investasi di Indonesia dan kalian bisa mendapatkan rata-rata keuntungan 12-15%/ tahun

Menurut kalian ada ga sih solusi yang bisa ngatasin masalah ini di Indonesia. Mengingat perputaran uang judi online ini semakin meningkat tahun ke tahun ?",")kalo saya sekarang kalau mau judi sekalian aja masukin bitcoin, ada peluang return nya masih"
"be greedy when others fearfull hny berlaku disaham fundamental bos, disaham non fundamental ato fundamental jelek gni mn bisa. selamat cuci piring buat para apestorğŸ˜„

btw bingung gw sm retail2 yg ngamuk2, beli sendiri, masuk sendiri ke saham fundamental kek gni, trs skrg nyangkut nyalahin org lain, nyalahin BEI. $BREN 1 lot cm dpt deviden 200perak bos, dianalisa kgk. klo skrg nyangkut jgn slhin org lain, salahin diri lo sndri.. makanya masuk ke saham2 big caps dgn funda bgs aja, spt $BBRI $BMRI $BBNI idup tenang, dpt return pastiğŸ˜„", Siap suhu. Haka sesuai harga wajar nya yaitu di 1000
"$IHSG mending beli tanah daripada nyicil kagak jelas dibursa yang kebanyakan bandar, beli tanah jadi bandar sendiri. $BBCA $BBRI $BBNI $BMRI",gue liat ada orang jual tanah 100 meter dibekasi 1m wkwokwowkwokw bandar gila bekasi 1m. ya gapapa sih wong tanahnya tanah dia
"Apakah ini yg membuat asing kabur dari RI ???
APBN ditahun 2025, 2026, 2027 habis pertahun untuk bayar utang aja 1000an TğŸ¤¦â€â™‚ï¸
$BBRI $BBCA $BMRI $BBNI $TLKM", Negara hancur oleh sekelompok banteng marah karena selama orba mereka gak kebagian.
"sembari screening saham pas malam. Lihat-lihat RTI. hmm....

random: $BBRI $BMRI $BBNI $BBCA $TELE", ritel: serbuuu.... asing: money.. money.. money..
"$BMRI pucukers....

kapan balik ke 7 ribu an ini ...
mau Avg down malah naik

tag random $BBRI $BBNI", awal September bang kayane
$BMRI edan 70% pada haki semua,"tapi Alhamdulillahnya masih stagnan harganya, besok bisa naik pelan pelan"
$BBNI $BBCA $BMRI $BBRI Ngeriiiii...., turun lah Gilak aja
hindari big banks $BBCA $BBRI $BMRI $BBNI beralihlah ke $UNVR,â€œBe fearful when others are greedy and greedy when others are fearful.â€ - Warren Buffet
"Setelah mereka banyak keluar, baru pengumuman peringkat yang diturunkan dikeluarkan. Maksudnya apa? berharap lokal panik, harga jatuh, mereka masuk lagi? mungkin memang bukan mau keluar beneran, hanya mau koreksi harga saja di porto mereka, karena ekspektasi yang rendah akibat kondisi makro, mungkin. Apa kondisi bisnis rillnya seseram penurunan harga saham?
$BBRI $BBCA $BMRI $BBNI",Yg jelas masih terbuka penurunan diatas 20persen ğŸ¤£
"$PPRI naik tinggi d UMA, turun banyak kek $BBRI $BBNI $BBCA $BMRI diem....BEI ğŸ’©", turun 15% wajar lah kecuali ambles sampe 50%
"$BMRI

berasa EX DATE"," nunggu d 5,900"
"$BBRI sepertinya retail IDX dimiskinkan Bank BRI saking average down terus terusan karna berharap bakal jackpot dari bank bri ini. Kenyataan nya kaga jackpot. Malahan retail dihajar foreign sampe bertubi2 boncos. Akhirnya karna it mungkin ga ada duit buat buat invest ato averaging down di saham2 lain non blue chips yg mid cap small cap. Mental retail ya gitu, kapan lagi kalo ga skarang masuk BBRI $BMRI $BBNI $ASII, kaya semenjak covid pasti kan rebound. Mentality â€œpasti balik lagi naik, aman bgt saham big banksâ€ tapi loh kok trrnyata turun terus ya. Jadi panik, dah habis pelor. Woi today naratif nya sudah berubah, bukan covid terus rebound. Gmana kalo kali ini bener2 structural damage di sektor big banks, umkm ancur, ultra mikro ancur. Liat morgan stanley dah downgrade. Hati2 buang duit ke laut bagi retail2. Sayangkan duit mu","waktu covid juga pada takut ekonomi ancur, akhirnya?"
$BMRI jangan masuk dulu masih sentimen negatif sama perbankan Indonesia,lol hahaha
$IHSG $BMRI uda terlalu mahal x ndarrr ... jd nya berat naik,Per sama Vbp masih dibawah bank bank lain
$BMRI cl untuk pindah ke saham nvidia gmn yaa,bad bro
"sedang meratap kenapa terlanjur avg down $BBRI dan $BMRI padahal malah masih terus ambrol ...
...
gak panik, cuma kesel.
buka akun sekuritas baru aja ya, lupakan ada porto yg masih kebakaran ... ğŸ”¥ğŸ™ƒ",ğŸ¤£ğŸ¤£sama kehabisan modalâ€¦
"$BBCA $BBRI $BBNI $BMRI $ASII

Mohon dikaji lagi baik buruknyağŸ™ğŸ»
Saya makan siang bayar gpp, yang penting ekonomi sumringah. Rupiah kuat.","Aseng asing saking takutnya masyakarat indonesia dapat asupan bergizi sejak dini dan pintar ketika dewasa, mereka 'mengutuk' kebijakan ini dg mendowngrade pasar modal indo a.k.a $IHSG . Dengan demikian program ini memang harus segera dijalankan. cocok nih kayaknya gw jadi buzzer ok $PGAS ok $CGAS"
"$BBRI $BBCA $BMRI MAU TURUN DALEM KAYAK APAPUN GUE GAK PEDULI, SEROK TIAP MINGGU! DUNIA MAU WW3 KEK, RUPIAH MAU KRISMON KEK, GLOBAL MAU RESESI KEK, GUE GAK PEDULI YG PENTING SEROK DAN JGN BANYAK BACOT YG MAU KAYA JGN TAKUT HAJAR SAJA!!"," Mantaps, dividenya lancar kok ya, emiten bagus BBNI & BMRI"
"$BMRI, leverage itu gmna efeknya","klo engga salah mirip trading limit,enak untuk 1 day hit"
"$CPIN ini saham kayak dijagain gak boleh naek tinggi, dikasih pager tinggi bener...moga2 ada yg tergerak duitnya buat rubuhin pagernya....", apakah saham perayaman tidak di ijinkan buat naik
"$CPIN dividen final 30 harga saham 5200

$BSSR jika harga saham berapa jika dividen final 350 up ?",bren 2 piah harga 13k ğŸ¤«
"$JPFA $CPIN supply chain nya nggak sehat

distributor GPM <Â±5%, kadang cuma dikasi cuan cashback an","yang sehat yang gimana?? tapi kan distributor tidak ada kerugian,, barang ga laku bisa di pulangi"
$EMTK kpn maen ke 500an lg ndarr..?,gak bakal kayae
$EMTK naek turun lagi 422. begitu melulu. penutupan mesti turun 422,anda salah sekarang 420 ğŸ˜‚ğŸ˜‚ et dah malah bner ğŸ—¿ nih saham mending di tek tokin aja dah
"Berhubung liga champions epl dan liga eropa lain lagi libur bisa lah kita support timnas dulu $EMTK $SCMA

Ramdom tag
$GOTO $BREN $BBRI","Perhatikan, bahkan dalam acara seperti Piala Dunia kemarin bisa terjadi kejutan yang tidak terduga."
"$CNMA Melihat betapa cerahnya masa depan perbioskopan mau tak mau Kompetitor mulai lahir dimana"".. Mending $EMTK dari pada CNMA.. EMTK restoran numpang jualan dibioskop ğŸ˜†",kompetitor yg mana mas yg mau muncul?
$EMTK paling mentok di angka 402. RUPS gak ngaruh. CL ajah, Sudah. $EMTK termasuk saham BUSUK. Dilihat dr penurunan 3 tahun -82%
"$EMTK
Titip sendal menjelang public expose ğŸ«¡",ngimpi bang
"$EMTK naik dikit turun laik
naik dikit turun lagi
turun turun terus",Udah cutloss di harga berapa bang?
$EMTK saham ini kalau ngikutin pola tahun kmren. harusnya pada RUPS bisa naek 100point. cuman gak tahu knp nih saham susah bgt naeknya. sementara tutup mata sampai tgl 12 aja dlu,beneran 100 point pak?
$EMTK saham yang punya banyakan ritel. apa bakalan naek?," Ga bakalan naek bang ga usah dibeli, kalo udh punya mending lu cutloss aja ğŸ¤£"
$EMTK menang hak siar Timnas tetep gak ngaruh ya?,anomali kyae
$EMTK bagi devidentğŸ˜Š, bukannya ditahun 2023 rugi ?
$EMTK @Anthem Boom! Target Hit! ğŸ¯, besuk menurutmu naik atau turun?
"$EMTK
Besok rups ya?
Kasih kabar positif dong","belum ada kabar positif, eps tahun lalu minus, bagi dividen sepertinya tidak akan terjadi, kalaupun bagi dividen paling cuma seuprit aja"
"$EMTK menurut penelitian, orang yang suka menggambar polla pattern dan sejenisnya, maka dialah calon trader sejati yg akan sukses, camkan itu. ğŸ˜ğŸ¤¡", $EMTK Sampah Bursa bang Mesi. 1 tahun Longsor 43%. Untung cuma pegang 10 lot
" kalo saran saya jangan beli saham karena ngikutin orang lain bang.

Timeframe, modal, mental dan income tiap orang beda2.

Timeframe saya 10 tahun.
Modal saya 10 M.
Mental saya dulu pernah liat aset -95% dan bisa recover.
Income saya 350 jt per bulan.G914

Posisi saya disini baru 500 jt an, seandainya hilang semua juga saya ikhlas, saya cmn perlu menunda pensiun 1.5 bulan uangnya sudah balik dari gaji saya.

Saya udah di posisi nothing to lose ğŸ˜‚

Kalo saya pribadi yakin sama $EMTK dan saat ini porsi terbesar di porto saham saya.",haha thanks insightnya bang. kalau boleh tau sekarang average emtk di berapa bang?
"$EMTK

Saya secara pribadi sangat suka bisnis gurita EMTK. Yang sangat luar biasa, mereka berani melakukan akusisi tanpa hutang, right issue. Lain hal sistem akusisi holding lain seperti yg hype sekarang PP, cash nya ga cukup tapi berani hutang untuk akusisi.

Ada juga perusahaan yg dibentuk dari kecil hingga besar yang akhirnya dijual penuh ke pihak lain seperti DANA.

Tapi banyak juga kesalahan yg dilakukan seperti pembelian lisensi BB

Baru2 ini saja mereka mengakusisi $CASS, masih belum tau mau dikembangkan menjadi apa setelah bergabung ke EMTEK.

Apakah ini waktunya untuk akumulasi kembali perusahaan holding media ini?", Menurut bisikan $BUKA mau alihkan ke bisnis SASS dibandingkan kembali berkutat di e-commerce. Apakah keputusan yang tepat?
$EMTK invest udh setahun longsor 400 point cuma dapat dividen Rp 4 perak doang. Udh gitu RUPS gak ada disuguhin makan minum datang jauh2 smpe kehausan nungguin RUPSnya. ğŸ™ƒ ğŸ™ƒ ğŸ˜°,avd brpa om?
"DIVIDEN HUNTER

$BRAM
Cumdate: 21Juni 2024 > Rp200/lembar
RSGK
Cumdate: 21 Juni 2024 > Rp11/lembar
$SCCO
Cumdate: 21 Juni 2024 > Rp75/lembar
$EMTK
Cumdate: 24 Juni 2024 > Rp4/lembar
$IPCM
Cumdate: 24 Juni 2024 > Rp18.61/lembar
$SHIP
Cumdate: 24 Juni 2024 > Rp20/lembar",EMTK cuma Rp 4/lembar
$EMTK apalah kmren udh serok di 382 hadehh,"kemarin udah oversold pdhal, kenapa hari ini terguling lagi ahhğŸ¥´"
$EMTK ini masih bisa buat jangka panjang gk ya....udah jatuh dalem banget ğŸ˜­,avd brpa om?
"
$EMTK gila saham gorengan sampah ini terlalu banget , diragukan apakah ini saham milik grup sctv dkk atau cuma numpang nama ..... ini gila nih saham",jangan beli
"$EMTK saya masih sangat optimis kalau perusahaan akan mencetak laba konsisten dan membagikan dividend besar suatu hari nanti.

Update belanja hari ini $BBRI $BTPS $LSIP","Yoiii, mungutin dr sekarang, 440 an lepas wkwk ğŸ¤­"
$EMTK mantul kah? coba coba mancing di 356. Jebol 350 outâ€¦, mantul beneran. Hehehe
"kalauÂ $GOTOÂ punya gopay & bank jagoÂ $ARTO, maka GRAB punya OVO & superbank dari grupÂ $EMTKÂ $IHSG",) ekosistem emtek lebih daripada itu... q2 kapan ya kira kira keluar mau dikonsolidasikan punya $CASS ke $EMTK to harga bawah pula ğŸ«¨
"Kayaknya berita ini yang bikin $EMTK ngacir hari ini

Random tag
$BBRI $BREN $GOTO $ASII"," @risky666 kayaknya bukan, emtk ngacir karena para pengikut ajaran @Elite kemarin sudah pada cut loss daripada takut karena resiko avg down terus sampai selamanya, mereka mungkin takut $EMTK bernasib kayak $GOTO ke 50 kalo jebol 350."
"$ASII $INDF $TLKM $ICBP kenceng nih 2 hari terakhir

yg agak lesu si bapak $BBRI, artinya dikasi kesempatan lagi nih untuk nyerok.",om wen yg bikin kenceng apa ya?
"Emiten yang kuat di tengah badai IHSG hari ini :

$BJTM $SMGR $ICBP SMDR $MTWI

$SMDR susah banget dapat cuk, IHSG Drop tetap strong ğŸ˜³",view nya masih sama kah om smdr klo jebol 290?
"Seperti yang saya informasikan, beberapa bulan lalu. Baik RUPS $ICBP dan $INDF memerlukan reservasi. Mudah-mudahan dividen baik!", Ini daftr nya jamberapa pak?
" Lho? di Agustus 2020 itu berita akuisisi Pinehill oleh ICBP lagi heboh-hebohnya pas pandemi covid.. RUPS tanggal 3 Agustus 2020.

Coba deh browsing di google banyak beritanya. Akuisisi Pinehill senilai US$2,99 Miliar atau setara Rp43,99 Triliun dengan kurs saat itu Rp14.714,- per dolar AS.

Namun akuisisi tersebut didanai dengan pinjaman sindikasi dari Bank of China cabang Hongkong, BNP Paribas, Mizuho Bank cabang Singapore, OCBC dan Sumitomo Mitsui Bank cabang Singapore.

Pinehill Company Ltd sendiri merupakan perusahaan pembuatan mie instan di Arab Saudi, Nigeria, Turki, Mesir, Kenya, Maroko, dan Serbia, dengan menggunakan merk ""Indomie"" berdasarkan perjanjian lisensi dengan $INDF, induk perusahaan $ICBP.

Jadi, ya ibaratnya dulu Salim udah ngeluarin modal buat mendirikan Pinehill, nah pas ICBP dah cuan kotos-kotos, ICBP disuruh bayarin Pinehill tapi valuasinya premium (mahal) dan ya pemegang saham ritel nggak akan bisa berbuat apapun karena pemegang saham mayoritas ICBP masih dipegang INDF. Tentu hasil RUPS saat itu dipastikan kuorum tanpa perlu digelar sekalipun.

ICBP dinikmati saja bayar utang sindikasi banknya.","Oh kongkalikong ya, beli perusahaan sendiri di harga mahal. Kacau sih kalo gitu, di luar kendali kita"
"ormas keagamaan mulai bisa mengelola bisnis tambang pemerintah
sudah mau lengser pakde , kenapa jadi begini..

selamatkan dulu saham2 bumn yang hancur2an ....

gimana ini nantinya market asing menilai saham2 bumn pertambangan $PTBA $ANTM $TINS $INCO

$TLKM aja yg cuan trlyunan harga sahamnya ancur2an", balas budi kemarin menang pemilu... sudahberhasil memberikan suara NU
"$INCO koreksi-nya keras jgğŸ§

ada apa ini?

$MBMA $NCKL dkk..",NICKEL Banjir dr Indonesiaâ€¦
"Tambang Nickel dan Hilirisasinya untuk menjadi bagian dari Ekosistem industri EV dunia, kenyataan atau msh mimpi sih?",bukan mimpi..tapi mengigau
$INCO jir lah ketinggalan pembukaan,"menurun lagi ini, harga nickel makin turun"
"Update portofolio ytd per tanggal 07 Juni 2024

Summary 1 bulan: Jual emiten komoditas $INCO, terima deviden dari $ASII & $TLKM, average down perbankan $BBNI dll, beli emiten komoditas (rahasia ğŸ˜)

Posisi cash: sekitar 25%

Mulai rebound, tetapi berharap agar bearish kembali biar bisa average down lebih banyak", avd tuh kak tlkm
"$INCO RUPST hati senin tgl 10 Juni 2024,
Semoga deviden dengan DPR 100% seperti ANTM. Aminnn. 426 per lembar.
Berkah ğŸ˜‡",inco punya cash bwrapa om ??
"$INCO LQ 1 2024 disimpan lama banget bahkan sudah mendekati jadwal rups, jgn jgn sama kek $MDKA di simpan lama ada indikasi rungkad? hehe $IHSG", dgn harga tiba tiba anjlok begini sepertinya sudah ada yg tahu terlebih dahulu Q1 heheh $INCO tapi semoga Q1 baik jadi bisa masuk $IHSG
"hari ini sy berhasil cuan dr Margin yg kemarin...

$INCO 4450 ke 4520
+1,57%

$MBMA 585 ke 600
+2,5%

$PGAS 1580 ke 1605
+1,58%


ğŸ²ğŸ¤¡ğŸš€

jgn Euforia, cukup konsisten, sabar aja..
",Pake Margin belinya bang?
Apa benar besok cumdate right issue nya $INCO ? Ada yang tau harga tebusnya berapa?,"3050 kyknya, itu udh ada post baru"
"$INCO nyangkut lg, mantapğŸ‘","letoi ini saham,,,,abang ku,,,"
$INCO ada yg tau kabar rups inco ?? bocoran dividen pls,dividen 1000
$INCO mau dibw ke palung mariana kah?,letoi ini barangâ€¦
"$INCO gini nih klo udah dipegang pemerintah, bukannya bagi dividen malah suruh tambah modal.. ğŸ˜ªğŸ˜ªğŸ˜“ğŸ‡®ğŸ‡©"," terus buat apa Saldo Kas $INCO 10 Triliun lebih itu?
bukannya dibagi ke shareholder malah minta duit.

Duh ngeri skrg gcg nya diragukan"
"$INCO mantapğŸ¤¡

kmrn msuk 4260
pagi ke 4320 julan

now 4160-4170 ğŸš€",gini kah?
$INCO jebol support sepertinya,diemin aja entar juga turun sendiri ngapain di beli
"pasar gak kondusif ditambah rupiah terus melemah, semua saham pada banyak all time low, hindari saham yang penghasilannya banyak gunaian rupiah macam $GOTO

incer saham2 yang berpenghasilan dollar saja kalau mau nekat masuk, atau beralih ke crypto, suram bursa indonesia sekarang ditambah kebijakannya yang makin aneh

recomend $INKP $ADRO $INCO $MEDC

pemerintah terlalu gaya2an gunain apbn, ditambah agenda makan siang gratis tahun depan, rupiah mata uang paling tertekan dibanding negara asean lain",oke gas oke gasğŸ˜‚
siap siap turun kan muatan bakalan ada sesuatu wkwk $INCO,sesuatu apa tuh
$INCO dikasih lagi 4160 ? ğŸ§ğŸ¤¡,itu $INCO bg ğŸ˜­ bkn INKP
"$INCO MENOLAK HIJAUâ€¼ï¸ğŸ¤¡

11 hari closing MERAH terus.

kapan hijau-nya?

mingdep? ğŸ§","Harap maklum harga nickel lg jatuh terus, siapkan cash untuk haka saja ğŸ˜"
$UNVR Susah tembus 3000 kayaknya,udah itu
"$SIDO struktur market menunjukkan one more breakout dari pola continuation yang ada, momentum dan moneyflow positif tetapi terdapat dua skenario trading untuk kondisi ini: breakout langsung ke 800 atau koreksi dulu ke demand area di bawah dan sideways untuk lanjut ke 800. But either way bisa jadi trading plan yang baik, saran saya entry bertahap pada harga sekarang dan demand area di bawahnya sesuai gambar.",terima kasih pak
kenapa percaya sama $SIDO saham nya lelet mending masuk ke $AMMN menuju 1000%, beda saham gorengan bandar
"$SIDO masih setia nii pak, kembali lah pak sidoğŸŒš","pasti balik gan, tpi harus sabar, masih sideways"
"$SIDO Saya msh pemula, baru mulai investasi Maret kemarin, mau nambah lot di sido tp bingung ntar malah avg up, saran dong temen2 mending nunggu turun dibawah avg price atau gas ajağŸ™","habis pembagian dividen biasanya harga turun bang, nunggu harga turun dulu aja baru beli lagi"
"$SIDO Luar biasa sekali ketika angin puting beliung datang saham2 lain Rontok
sido tetap bertahan kokoh tak tertandingi
aku suka gayamuğŸ‘ğŸ«¡ğŸ˜‡", selalu sedia tolak anginğŸ‘
"Saya melihat transaksi IHSG Hari ini hanya 8,2 Triliun rupiah. Sangat sepi. Bahkan transaksi di pasar reguler hanya 7,4 Triliun.

Top broker dengan nilai transaksi lebih dari 1 Triliun hanya ada 5 sekuritas. Peringkat 1 adalah CC, nampaknya geng dapen dan BPJS lagi yang melakukan intervensi pasar yang sepi banget ini.

>90% transaksi IHSG hari ini terkonsentrasi pada 10 sekuritas saja. Bahkan sekuritas kita tercinta Stockbit XL itu nilai transaksinya hanya 227 Miliar atau setara dengan 2,7% dari total transaksi IHSG.

Nampaknya banyak bandar dan jenderal bursa yang kena kurung di saham BREN sehingga mengakibatkan bursa ini jadi sunyi banget pasca rebalancing MSCI. Tidak saya tag sahamnya karena banyak user Stockbit yang ngamuk sama saya kalau saya tag BREN. Saya tidak tahu apa masalah mereka sehingga tidak mau saham BREN di tag. Tapi bisa jadi karena sudah terlanjur all in full margin di harga >10.000 sehingga tidak ingin membaca hal negatif tentang BREN. Hal tersebut memang bisa dimengerti. Bayangkan kalau kamu sudah floating profit gede di BREN dan sudah screenshot lalu sudah pamer ke medsos floating profit gede >50% cuan lalu tiba-tiba BREN kena perangkap FCA dari BEI selama 1 bulan lalu ARB berjilid-jilid hingga akhirnya dari floating profit 50% menjadi floating minus 50%, tentu hal tersebut akan langsung menganggu fungsi psikologis dan mental.

Saya rasa mau marah pun percuma saja. Petisi yang sudah dibuat sejak Maret 2024 lalu yang ditandatangani belasan ribu orang saja tidak digubris oleh bursa. Jadi alih - alih marah sama tag BREN, ada baiknya ikhlaskan saja semuanya. Lewati fase psikologi denial, anger, depression, dan bargaining langsung lompat ke fase acceptance alias nrimo. BREN mungkin sekarang nyungsep tapi bukan berarti ini akan nyungsep selamanya. Selalu ada cahaya di ujung jalan bagi orang-orang yang percaya dan terus berjuang.

Anyway, dollar masih strong >16.000 (gambar 2). Ini sudah meleset jauh dari asumsi APBN 2024. Jadi ceritanya pemerintah itu pasang asumsi dollar di 2024 ini hanya 15.000 rupiah (gambar 3), ini meleset jauh banget dari realitas sekarang yang mana Dollar sudah >16.200. Melesetnya asumsi dollar ini bisa mengakibatkan defisit APBN di 2024 melebar.

Harus diakui Sri Mulyani ini lumayan hebat karena di April 2024, APBN kita masih surplus (gambar 4). Target pemerintah adalah kalaupun terjadi defisit anggaran, jangan sampai tembus 3%. Soalnya kalau defisit APBN tembus >3% maka otomatis pemerintah harus rilis surat utang negara lagi. Apakah mungkin defisit APBN akan bisa ditekan di bawah 3% dengan dolar yang meroket, potensi pengeluaran negara meningkat lewat pembangunan IKN dan makan siang gratis dan apalagi kalau bukan Sri Mulyani lagi yang jadi menteri keuangan? Tidak tahu dalam beberapa bulan ke depan jika harga minyak meroket dan dollar meroket karena perang yang berkepanjangan di Timur Tengah dan Ukraina, apakah kita bisa menghadapi defisit APBN? Untungnya Iran dan Israel tidak jadi perang terbuka. Drama mereka bikin jantungan saja.

Dalam kondisi penuh ketidakpastian seperti ini saham apa yang menarik? Saham yang rich cash dan low debt adalah yang menarik karena mereka memiliki bumper depan dan belakang yang sangat besar dalam menghadapi ketidakpastian.

Tinggal cek saja laporan keuangan perusahaan tiap perusahaan untuk melihat perusahaan mana yang memiliki cadangan kas besar dan Utang mini. Sebagai contoh $AVIA $SIDO $ANTM $ADRO ini semua punya cadangan kas besar. ANTM punya cadangan kas 11 Triliun dan total utang hanya 9 Triliun. Bumper kuat. Yang tidak kuat hanya kasus korupsinya banyak.",makasih insight nya Om ğŸ™ğŸ‘...jd bs antisipasi money management. Melimpah berkah rejekinya selalu om.
"$SIDO terima kasih ndar, saya sudah jual sisa 4000 lot di 745.

Saya rayakan dengan makan sushi enak.

Sebagian uangnya buat beli $BBRI juga.",cuaaannn.. Cuaaannn
$SIDO Alhamdulillah mkn ada hasil,udh berapa bulan pak hodl
$SIDO semoga ngacir di 850,avg berapa bang
$SIDO prospek 5 tahun kedepan gimana mas?,"maaf gan kalau untuk analisa 5 tahun kedepan, mungkin lebih ke analisa secara FA ğŸ™
kinerja perusahaan dll"
"$SIDO om, bisa cicil buy sell dikit2 ga buat jajan? apa lama bgd aranya?",$SIDO support skrng 725-730 resist area 760
"$MEDC $ITMG

Perosotan mana yang mau didustakan ğŸ˜±",Baru juga 0.7-1.5 persen udah lebay lu
$MEDC comeback nehhh..... mari kita perhatikan dengan seksama,..lemessayy
"$MEDC

Kemarin Avgd di 1370
Malamnya $BRENT turun sampai dgn pagi ini

Tebak berhadiah kemana dibawa medco kita


Harga sekarang 1370

1270-1330
1200-1270

Jangka panjang layak di perhitungkan mengingat OPEC+ memangkas produksi smp 2025

Jangka pendek yo armageddon

Slide 3 : Aku dan pasangan ğŸ¤£ğŸ¤£

Tag emiten minyak lain : $ELSA","sesuai pilihan emitennya, raja minyak lamar bintang kpop pantesnya wkwk"
"nanti pas sudah cut rate canada +europe..
pada fomo deh beli $BBRI $BMRI $BBNI", habis CL terbitlah Terbang wkwk
 95% saja sekalian supaya negara Indonesia $IHSG $BBCA $BBRI $BMRI tidak menjadi kapitalis serakah dan mampu makin mensejahterakan rakyat miskin tersingkir dan difabel dengan uang pajak capital gain 95% dari masyarakat kaya yang main saham, jd mksdnya naik apa turun y?
"Ada apa dengan $MEDC ?
Yang tenang donk kyk $ELSA

Minyak di banting tapi neng ELSA tetap santai.


Random tag :
$BBRI $BBCA $BRPT",Banyakan Ritel = Naik Susah Turun Mudah ğŸ¤£
"ğŸ›¢ï¸ Minyak Brent -3,7% Merespon Pengurangan Jumlah Pemangkasan Produksi Sukarela oleh OPEC+

Harga minyak Brent turun -3,7% ke level US$78,15/barel pada Senin (3/6) malam dan menyentuh level terendah sejak awal Februari 2024.

Keputusan OPEC+ untuk memperpanjang pemangkasan produksi sebesar 3,66 juta barel per hari hingga 2025 [https://stockbit.com/post/14912656] gagal membendung kecemasan pasar akan potensi kembali terjadinya oversupply seiring rencana OPEC+ untuk mengurangi secara bertahap pemangkasan sukarela sebesar 2,2 juta barel per hari pada Oktober 2024â€”September 2025.",Apakah ini berarti harga minyak akan turun atau naik?
"Kenapa kamu harus tahu bisnis suatu emiten ya supaya kamu bisa 'meramal' efeknya apa.

Baik atau buruk.

Tahu OPEC+ cut supply ya kamu tahu long run OIL akan relative tinggi. Kamu juga harus tahu di level harga berapa oil itu aman bagi $ELSA $MEDC.

BTC ya sama, faktor adopsi, sentimen, moneyflow, DXY merupakan keydrivernya. DXY dropped besar kemarin $BTC naik ga karuan.

Suku bunga tricky, direct effect ke bank dan property. Tapi efeknya juga tinggi ke emiten yang modal bisnisnya dari hutang kaya $LPPF atau yang debtnya gede macam konstruksi BUMN. Bisa bangkrut.

Jadi bukan hanya baca RTI aja, tapi jadi investor memang perlu baca LK bahkan rajin ikut pubex sahamnya.

Ni hari ini GoInvest pukul 19.00 buka kelas Baca LK only 100k kurang baik apa:
https://bit.ly/GoinvestID

$PWON","lah katanya harus tau bisnis emiten, $LPPF bisnisnya tergantung hutang yg ada sukubunga katanya.. lawaknya ğŸ¤­"
"$MEDC
Buy 1300-1325
TP1 1365-1375 (RRR 1:2.2)
TP2 1380-1390 (RRR 1:2.7)
Stop Loss If Close : <1275","masih jelek chartnya, jangan dlu."
"$BRENT $MEDC

Minyak naik akan kah medc kita naik?
Ohh blm tentu ğŸ¤£

Bisalah main ke > 1350","IEP apakah prank 1360?
Trader dipersilahkan masuk di $MEDC

Resiko bisa jadi naga atau sapi perah ğŸ”¥âœ…"
"Udah Mau $81 aja

Soon semoga balik minimal $84
Biar realizing price nya $MEDC Q2>Q1 ğŸ”¥", optimis ya bro? tp kmrn kata nya oversupply minyak d us wkwkw
$MEDC ada kejadian apa ini minyak loncat kodok.mata batin ane baru tertutup tidak bisa cek tembus ğŸ¤£,bisalah main di 1400ğŸ¤£
"$MEDC numpang tanya dong, klo kita sudah punya barang tapi dijual pas tanggal pencatatan kira2 kita masih dapet dividen gak ya?","$MEDC numpang tanya dong, klo kita sudah punya barang tapi dijual pas tanggal pencatatan kira2 kita masih dapet dividen gak ya?"
"$MEDC udah 3 hri scalping di medc. gampang guys. beli di akhir jam bursa. jual pas open market karna biasanya open langsung high, makin sore turun gunung.",jangan bilang2 ntar bandar denger
"$MEDC ada yg nulis berapi api kemarin cuman karena OPEC+ mengurangi produksi jadi harga minyak bisa rally, karena gagal di justifikasi untuk jangka panjang baru bisa wkwkwk

retail mending lo belajar sendiri deh beneran dari pada nyumbangin duit ke orang, market ini kompleks ngga cuman liat kaca mata kuda

don't trust no one, tulisan itu hanya pancingan..

minyak kemarin naik, itu kucing loncat kematian bandar mau TP inflasi masih tinggi ngga mungkin minyak rally",Ritel memang hrs katlos bro
"$BRENT oil naik 3%

$MEDC malah amblas 4%an
Sudah tak koheren lagi?

Buy bertahap","$BRENT

Udah Mau $81 aja

Soon semoga balik minimal $84
Biar realizing price nya $MEDC Q2>Q1 ğŸ”¥"
"angin segar buat saham-saham oil, tapi apakah likuiditas market bisa angkat sahamnya?
naik sedikit, banyak turunnya.

$ELSA $MEDC $ANTM $MDKA $MBMA","Naik lg bro ğŸ˜
Makin ga sabar $BRENT otw $88"
"$MEDC minyak mentah dh pada naik efek WWD3, ini medco kok ga naikÂ² ya. njirrr njirr$IHSG $MEDC mana nih .. Wkwkwkkw","$MEDC minyak mentah dh pada naik efek WWD3, ini medco kok ga naikÂ² ya. njirrr njirr$IHSG $MEDC mana nih .. Wkwkwkkw"
"$IHSG gua terus anomali ya di era pak Jokowi ini.
hilirisasi tapi $MDKA net profit nya biasa aja
pembangunan infrastruktur massif tapi gua liat $WSKT merugi . semen membatu.
ekonomi tumbuh 5% CKPN bengkak $BTPS
ga logis kan.
antara sebab akibat nya engga nyambung gitu.
belum regulasi nya engga melindungi usaha lokal. gua yakin ke depan $TLKM banyak pengurangan karyawan karena sudah kayak pasar bebas aja ini ada starlink lagi. bisnis tower juga terancam"," gw baru aja mikir gini bang..
ada ""miss"" dimana kebijakan pusat itu sering gak jalan didaerah. contohnya daerah gw yg dilewati tol trans jawa bukannya fokus sama wisata malah gak jelas arahnya kemana"
"$MDKA hancurkan ndar, siap tampung..", siap nampung perusahaan rugi?
"Lagi heboh saham NVIDIA ngalahin marcap APPLE di bursa US. NVDA produksi Processors berbasis Graphics yg cocok buat AI kalo processors yg biasa kita tau seperti INTEL itu processors berbasis CPU itu kurang cocok buat AI. Satu lagi growth penjualan NVDA itu datang dari industry crypto $BTC karena validator crypto juga pakenya Graphics Processors atau GPU.
Jadi market mengapresiasi saham NVDA karena dimasa yg akan datang growth AI akan meningkat pesat.
Buat investor cumi2 $IHSG kalian jgn berkecil hati karena kalian bisa ikut menikmati cuan dari pesatnya perkembangan AI di bursa konoha.
Saham apakah yg terdampak dgn perkembangan AI ? Tak lain & tak bukan adalah saham produsen tembaga.
Saham produsen tembaga di bursa lucu2an ini ada dua : $MDKA & $AMMN
Kalo mdka ada kendala di smelter tembaga dia ga punya. Kalo pemerintah larang ekspor konsentrat tembaga mulai 2025 & seterusnya maka mdka dipastikan akan amsyong.
Kalo Amman smelter tembaga semester 2 2024 udah mulai beroperasi jadi tidak ada problem dgn larangan ekspor.
Secara pergerakan harian Amman mungkin agak malu2 tapi in the long run you know you can't beat it.
$BREN",$TBMS GK masuk bang?
"$MDKA bantingan super, komoditas amburadull",buki..hahaha
"$MDKA hati2 jebol 2,400
tapi kayaknya mantul nih ğŸ’ªğŸ’ªğŸ’ª",buki sampai harga pv kemrin 2100.
"PANTAU SAHAM $MDKA
MDKA kembali memasuki area demandnya di 2220-2360, ada potensi MDKA sideways dulu sebelum naik dan menguji area resistennya kembali, selama di atas area demand maka MDKA sangat cocok untuk di watchlist. Cek analisa lainnya di profil https://stockbit.com/#/AnTekSaham?source=8

#DYOR

RANDOM TAG
$BRPT $CUAN $BATR $ATLA",KALO JEBOL AUTO JADI DOUBLE TOP
$MDKA bantingan smack down ğŸ”¥ğŸ”¥ğŸ”¥,menjelang tutupan baru banting. sepi sekali transaksi hari ini..
merah merona $MDKAâ€¦,$MDKA tanpa ada perlawanan....bukiiii
"$INCO koreksi-nya keras jgğŸ§

ada apa ini?

$MBMA $NCKL dkkâ€¦",NICKEL Banjir dr Indonesiaâ€¦
"Tambang Nickel dan Hilirisasinya untuk menjadi bagian dari Ekosistem industri EV dunia, kenyataan atau msh mimpi sih?
$MBMA $NCKL $INCO $ANTM $HRUM",bukan mimpi..tapi mengigau
"$INCO support 4350 dan 4150
resist 4650-4700","menurun lagi ini, harga nickel makin turun"
"Update portofolio ytd per tanggal 07 Juni 2024

Summary 1 bulan: Jual emiten komoditas $INCO, terima deviden dari $ASII & $TLKM, average down perbankan $BBNI dll, beli emiten komoditas (rahasia ğŸ˜)",avd tuh kak tlkm
"hari ini sy berhasil cuan dr Margin yg kemarin...

$INCO 4450 ke 4520
+1,57%

$MBMA 585 ke 600
+2,5%

$PGAS 1580 ke 1605
+1,58%


ğŸ²ğŸ¤¡ğŸš€

jgn Euforia, cukup konsisten, sabar aja..",Pake Margin belinya bang?
$INCO cumdate right issue itu maksutnya gimana ya? apa nanti bakal bisa beli saham harga 3050 kalo udah punya saham sebelumnya?,harus punya minim 17 lot saham inco baru nanti dikasih gratis inco-r terus bisa ditebus diharga 3050
$INCO syarat buat pemegang saham lama Dapetin Right Issue INCO apa ya?,Jadi pemegang saham sebelum exdate
"nikel pada longsor
bisa lebih 30% anjloknya ini sblm naik lagi
klo msh minus kurang dri 10% lebih baik jual kemudian jemput lagi di harga yg lebih rendah
$INCO $NICL $NIKL $KKGI $MBMA",mending kluar dlu aj....
"$INCO May be hit earlier ğŸ˜‰, btw harga nikel terjun bebas entah dimana bottomnya â˜•",bottomny di 9000-10000 kalo nikel
"Lho? di Agustus 2020 itu berita akuisisi Pinehill oleh ICBP lagi heboh-hebohnya pas pandemi covid.. RUPS tanggal 3 Agustus 2020.

Coba deh browsing di google banyak beritanya. Akuisisi Pinehill senilai US$2,99 Miliar atau setara Rp43,99 Triliun dengan kurs saat itu Rp14.714,- per dolar AS.

Namun akuisisi tersebut didanai dengan pinjaman sindikasi dari Bank of China cabang Hongkong, BNP Paribas, Mizuho Bank cabang Singapore, OCBC dan Sumitomo Mitsui Bank cabang Singapore.

Pinehill Company Ltd sendiri merupakan perusahaan pembuatan mie instan di Arab Saudi, Nigeria, Turki, Mesir, Kenya, Maroko, dan Serbia, dengan menggunakan merk ""Indomie"" berdasarkan perjanjian lisensi dengan $INDF, induk perusahaan $ICBP.

Jadi, ya ibaratnya dulu Salim udah ngeluarin modal buat mendirikan Pinehill, nah pas ICBP dah cuan kotos-kotos, ICBP disuruh bayarin Pinehill tapi valuasinya premium (mahal) dan ya pemegang saham ritel nggak akan bisa berbuat apapun karena pemegang saham mayoritas ICBP masih dipegang INDF. Tentu hasil RUPS saat itu dipastikan kuorum tanpa perlu digelar sekalipun.

ICBP dinikmati saja bayar utang sindikasi banknya.","Oh kongkalikong ya, beli perusahaan sendiri di harga mahal. Kacau sih kalo gitu, di luar kendali kita"
$EMTK niat naik ga lu,bener... saham gak jelas
"$EMTK kpn maen ke 500an lg ndarr..?
",gak bakal kayae
$EMTK naek turun lagi 422. begitu melulu. penutupan mesti turun 422$EMTK naek turun lagi 422. begitu melulu. penutupan mesti turun 422,anda salah sekarang 420 ğŸ˜‚ğŸ˜‚ et dah malah bner ğŸ—¿ nih saham mending di tek tokin aja dah
Berhubung liga champions epl dan liga eropa lain lagi libur bisa lah kita support timnas dulu $EMTK $SCMA,"Perhatikan, bahkan dalam acara seperti Piala Dunia kemarin bisa terjadi kejutan yang tidak terduga."
$EMTK muruluk,remuk
"$EMTK sekarang punya porsi paling besar di porto saya, semoga ketika panen profitnya bisa melebihi sido.","kalo boleh tau, knp beli emtk bang?"
"Coba @dibalik cara pikirnya..

$BSSR Harga 3.960 keluar Rp.350,
untuk untuk Dev Rp 30, seperti pada $CPIN
dibutuhkan harga $BSSR di harga berapa???"," hanya butuh.
RP 334.

artinya $BSSR memberikan Dev
11 kali lebih banyak.. dari Cpin."
"Tag: $BMRI $TOWR
Updated News & Events:", BmRI to the moon
"Perbandingan LDR, NIM, NPL the big 4 $BBRI $BBNI $BBCA $BMRI",sudah check breakdown NPL $BBRI?? apakah prosentasenya mayoritas dari nasabah restrukturisasi? artinya apakah nasabah baru baik baik saja & lancar??
